{
    "regex" : {
        "url": "^(?:http(s)?:\\/\\/)[\\w.-]+(?:\\.[\\w\\.-]+)+[\\w\\-\\._~:/?#[\\]@!\\$&'\\(\\)\\*\\+,;=.]+$",
        "domain":"^((?!-)[A-Za-z0-9-]{1,63}(?<!-)\\.)+[A-Za-z]{2,6}$",
       "internalip":"(^192\\.168\\.([0-9]|[0-9][0-9]|[0-2][0-5][0-5])\\.([0-9]|[0-9][0-9]|[0-2][0-5][0-5])$)|(^172\\.([1][6-9]|[2][0-9]|[3][0-1])\\.([0-9]|[0-9][0-9]|[0-2][0-5][0-5])\\.([0-9]|[0-9][0-9]|[0-2][0-5][0-5])$)|(^10\\.([0-9]|[0-9][0-9]|[0-2][0-5][0-5])\\.([0-9]|[0-9][0-9]|[0-2][0-5][0-5])\\.([0-9]|[0-9][0-9]|[0-2][0-5][0-5]))|(^127\\.([0-9]|[0-9][0-9]|[0-2][0-5][0-5])\\.([0-9]|[0-9][0-9]|[0-2][0-5][0-5])\\.([0-9]|[0-9][0-9]|[0-2][0-5][0-5])$)",
        "ip": "^((?:(?:25[0-5]|2[0-4][0-9]|[01]?[0-9][0-9]?)\\.){3}(?:25[0-5]|2[0-4][0-9]|[01]?[0-9][0-9]?))*$",
        "hash": "(^[a-z0-9]{32}$)|(^[a-z0-9]{40}$)|(^[a-z0-9]{64}$)"
    }
}
